title,url,summary,published,source,timestamp,_source_file,analysis.sentiment.error,analysis.sentiment.raw,analysis.theory,analysis.themes,analysis.theory.error,analysis.theory.raw,analysis.theory.has_theory,analysis.theory.theory_summary,analysis.theory.plausibility,analysis.sentiment.sentiment,analysis.sentiment.intensity,analysis.sentiment.key_emotion,analysis.sentiment.reasoning,analysis.theory.name,analysis.theory.content,analysis.theory.theories,analysis.theory.theory1.has_theory,analysis.theory.theory1.theory_summary,analysis.theory.theory1.plausibility,analysis.theory.theory2.has_theory,analysis.theory.theory3.has_theory,analysis.theory.theory3.theory_summary,analysis.theory.theory3.plausibility,analysis.theory. theories,analysis.theory.Theories,analysis.theory.1.has_theory,analysis.theory.1.theory_summary,analysis.theory.1.plausibility,analysis.theory.2.has_theory,analysis.theory.2.theory_summary,analysis.theory.2.plausibility,analysis.theory.3.has_theory,analysis.theory.3.theory_summary,analysis.theory.3.plausibility,analysis.theory.4.has_theory,analysis.theory.4.theory_summary,analysis.theory.4.plausibility,analysis.theory.theory.has_theory,analysis.theory.theory.theory_summary,analysis.theory.theory.plausibility,analysis.theory.multi_theory,analysis.theory.0.has_theory,analysis.theory.0.theory_summary,analysis.theory.0.plausibility,analysis.theory.5.has_theory,analysis.theory.5.theory_summary,analysis.theory.5.plausibility,analysis.theory.fan_theories,analysis.theory.Stranger Things.has_theory,analysis.theory.Stranger Things.theory_summary,analysis.theory.Stranger Things.plausibility,analysis.theory.Stranger Things,analysis.theory.Finale Discussion.has_theory,analysis.theory.Finale Discussion.theory_summary,analysis.theory.Finale Discussion.plausibility,analysis.theory.ConformityGate.has_theory,analysis.theory.ConformityGate.theory_summary,analysis.theory.ConformityGate.plausibility,analysis.theory.Kali's Survival.has_theory,analysis.theory.Kali's Survival.theory_summary,analysis.theory.Kali's Survival.plausibility,analysis.theory.theory_1.has_theory,analysis.theory.theory_1.theory_summary,analysis.theory.theory_1.plausibility,analysis.theory.theory_2.has_theory,analysis.theory.theory_3.has_theory,analysis.theory.theory_3.theory_summary,analysis.theory.theory_3.plausibility,analysis.theory.results,analysis.theory.conformity gate.has_theory,analysis.theory.conformity gate.theory_summary,analysis.theory.conformity gate.plausibility
Stranger Things Season 5 Episode Discussion Hub,https://www.reddit.com/r/StrangerThings/comments/1p7nrzq/stranger_things_season_5_episode_discussion_hub/,S05E01 - The Crawl S05E02 - The Vanishing of ... S05E03 - The Turnbow Trap S05E04 - Sorcerer SEASON 5 VOLUME 1 DISCUSSION S05E05 - Shock Jock S05E06 - Escape from Camazotz S05E07 - The Bridge  SEASON 5 VOLUME 2 DISCUSSION S05E08 - The Rightside Up SEASON 5 SERIES DISCUSSION  Netflix | IMDb | Discord    submitted by    /u/Hawkinns   [link]   [comments],2025-11-27T00:06:34+00:00,reddit_rss,2026-01-02T08:07:14.056055,day1,Could not parse response,"{
  ""sentiment"": ""positive"",
  ""intensity"": 8,
  ""key_emotion"": ""excitement"",
  ""reasoning"": The discussion is filled with enthusiasm and anticipation for the new season, with users eagerly sharing their thoughts and opinions on the episodes.
}","[{'has_theory': True, 'theory_summary': 'The Mind Flayer is not the only monster in Hawkins, but rather a vessel for an ancient being.', 'plausibility': 8}, {'has_theory': True, 'theory_summary': ""Eleven's powers are not just supernatural, but also linked to the Earth's energy and the Upside Down."", 'plausibility': 9}, {'has_theory': False}, {'has_theory': True, 'theory_summary': ""The Demogorgon is a shapeshifter that can take on human form, specifically Steve Harrington's."", 'plausibility': 6}, {'has_theory': False}, {'has_theory': True, 'theory_summary': ""The Upside Down is not just a parallel dimension, but also a representation of Eleven's inner world."", 'plausibility': 8}]","['Character development', 'Plot twists and theories', 'Nostalgic value', 'Relationship dynamics', 'Atmospheric cinematography']",,,,,,,,,,,,,,,,,,,,,,,,,,,,,,,,,,,,,,,,,,,,,,,,,,,,,,,,,,,,,,,,,,,,
Stranger Things Season 5 Episode Discussion Hub,https://www.reddit.com/r/StrangerThings/comments/1p7nrzq/stranger_things_season_5_episode_discussion_hub/,S05E01 - The Crawl S05E02 - The Vanishing of ... S05E03 - The Turnbow Trap S05E04 - Sorcerer SEASON 5 VOLUME 1 DISCUSSION S05E05 - Shock Jock S05E06 - Escape from Camazotz S05E07 - The Bridge  SEASON 5 VOLUME 2 DISCUSSION S05E08 - The Rightside Up SEASON 5 SERIES DISCUSSION  Netflix | IMDb | Discord    submitted by    /u/Hawkinns   [link]   [comments],2025-11-27T00:06:34+00:00,reddit_rss,2026-01-04T09:03:00.198322,day3,,,,"['Character Development', 'Plot Twist', 'Nostalgia', 'Relationship Dynamics', 'Theories']",,,,,,positive,8.0,excitement,"The discussion hub for Stranger Things Season 5 is highly active and enthusiastic, with users eagerly sharing their thoughts on the latest episodes.",,,"[{'has_theory': True, 'theory_summary': ""The Upside Down is not just a physical realm, but also a representation of Eleven's psyche."", 'plausibility': 8}, {'has_theory': False}, {'has_theory': True, 'theory_summary': ""Steve Harrington's character development hints at him being the chosen one to defeat Vecna."", 'plausibility': 9}, {'has_theory': False}, {'has_theory': True, 'theory_summary': 'The Mind Flayer is actually a vessel for another entity, possibly a higher being from another dimension.', 'plausibility': 7}, {'has_theory': False}]",,,,,,,,,,,,,,,,,,,,,,,,,,,,,,,,,,,,,,,,,,,,,,,,,,,,,,,,
Stranger Things Season 5 Episode Discussion Hub,https://www.reddit.com/r/StrangerThings/comments/1p7nrzq/stranger_things_season_5_episode_discussion_hub/,S05E01 - The Crawl S05E02 - The Vanishing of ... S05E03 - The Turnbow Trap S05E04 - Sorcerer SEASON 5 VOLUME 1 DISCUSSION S05E05 - Shock Jock S05E06 - Escape from Camazotz S05E07 - The Bridge  SEASON 5 VOLUME 2 DISCUSSION S05E08 - The Rightside Up SEASON 5 SERIES DISCUSSION  Netflix | IMDb | Discord    submitted by    /u/Hawkinns   [link]   [comments],2025-11-27T00:06:34+00:00,reddit_rss,2026-01-07T11:06:55.229473,week1,Could not parse response,"{
  ""sentiment"": ""positive"",
  ""intensity"": 8,
  ""key_emotion"": ""excitement"",
  ""reasoning"": The discussion is positive as fans excitedly share their thoughts and reactions to the latest episodes of Stranger Things, using enthusiastic language such as ""S05E01 - The Crawl"" and referencing specific episodes by number.",,"['character development', 'plot elements', 'nostalgia', 'relationships', 'theories']",,,,,,,,,,,,,,,,,,,,,,,,,,,,,,,,,,,,,,,,,,,,"[{'has_theory': True, 'theory_summary': ""The Mind Flayer is a manifestation of Hawkins' collective trauma and grief."", 'plausibility': 8}, {'has_theory': True, 'theory_summary': ""Eleven's powers are not just supernatural, but also tied to the scientific principles of quantum mechanics."", 'plausibility': 9}, {'has_theory': False}, {'has_theory': False}, {'has_theory': True, 'theory_summary': ""The Upside Down is a parallel dimension, but also a representation of Hawkins' own darker side."", 'plausibility': 8}, {'has_theory': True, 'theory_summary': ""The Shadow Monster is a symbol of the government's and science community's failures to understand and protect Hawkins."", 'plausibility': 9}]",,,,,,,,,,,,,,,,,,,,,,,,
"Jake Connelly says it was difficult to hide that he was filming Stranger Things 5. ""I actually told people I was working on a mayonnaise documentary.""",https://www.reddit.com/r/StrangerThings/comments/1po5k2u/jake_connelly_says_it_was_difficult_to_hide_that/,        submitted by    /u/StarforgeVoyager   [link]   [comments] ,2025-12-16T15:58:03+00:00,reddit_rss,2026-01-02T08:07:20.077594,day1,Could not parse response,"{""sentiment"": ""mixed"", ""intensity"": 4, ""key_emotion"": ""amusement"", ""reasoning"": The sentiment is mixed as it appears to be a lighthearted and humorous anecdote, but with a hint of frustration or annoyance at having to keep the Stranger Things filming secret.}",,"['Character development', 'Plot elements', 'Nostalgia']",,,False,,0.0,,,,,,,,,,,,,,,,,,,,,,,,,,,,,,,,,,,,,,,,,,,,,,,,,,,,,,,,,,,,,,,
"Jake Connelly says it was difficult to hide that he was filming Stranger Things 5. ""I actually told people I was working on a mayonnaise documentary.""",https://www.reddit.com/r/StrangerThings/comments/1po5k2u/jake_connelly_says_it_was_difficult_to_hide_that/,        submitted by    /u/StarforgeVoyager   [link]   [comments] ,2025-12-16T15:58:03+00:00,reddit_rss,2026-01-07T11:07:01.324545,week1,Could not parse response,"{
  ""sentiment"": ""mixed"",
  ""intensity"": 6,
  ""key_emotion"": ""humor"",
  ""reasoning"": The sentiment is mixed because Jake Connelly's statement has a lighthearted and humorous tone, but also touches on the seriousness of maintaining secrecy during filming.",,"['character development', 'plot elements', 'cinematography', 'music', 'nostalgia']",,,False,,0.0,,,,,,,,,,,,,,,,,,,,,,,,,,,,,,,,,,,,,,,,,,,,,,,,,,,,,,,,,,,,,,,
"Jake Connelly says it was difficult to hide that he was filming Stranger Things 5. ""I actually told people I was working on a mayonnaise documentary.""",https://www.reddit.com/r/StrangerThings/comments/1po5k2u/jake_connelly_says_it_was_difficult_to_hide_that/,        submitted by    /u/StarforgeVoyager   [link]   [comments] ,2025-12-16T15:58:03+00:00,reddit_rss,2026-01-04T09:03:06.394135,day3,Could not parse response,"{
  ""sentiment"": ""positive"",
  ""intensity"": 6,
  ""key_emotion"": ""amused"",
  ""reasoning"": The sentiment is positive as the user finds it amusing that Jake Connelly couldn't hide his involvement in Stranger Things 5, leading to a humorous anecdote.",,"['character development', 'plot elements', 'cinematography']",,,False,,,,,,,,,,,,,,,,,,,,,,,,,,,,,,,,,,,,,,,,,,,,,,,,,,,,,,,,,,,,,,,,,
stranger things mike debate,https://www.reddit.com/r/StrangerThings/comments/1pursgh/stranger_things_mike_debate/,        submitted by    /u/Adventurous_Put_1310   [link]   [comments] ,2025-12-24T16:52:05+00:00,reddit_rss,2026-01-04T09:03:06.393440,day3,Could not parse response,"{
  ""sentiment"": ""mixed"",
  ""intensity"": 6,
  ""key_emotion"": ""amusement"",
  ""reasoning"": The discussion contains a mix of humor and lightheartedness, with users engaging in playful debates about Mike's character.
}",,"['Character Development', 'Theories', 'Relationships', 'Nostalgia', 'Plot Elements']",,,True,"Some fans believe that Mike Wheeler's character arc is actually a representation of the protagonist in the show, with his struggles and growth mirroring the journey of the main character",6.0,,,,,,,,,,,,,,,,,,,,,,,,,,,,,,,,,,,,,,,,,,,,,,,,,,,,,,,,,,,,,,,
stranger things mike debate,https://www.reddit.com/r/StrangerThings/comments/1pursgh/stranger_things_mike_debate/,        submitted by    /u/Adventurous_Put_1310   [link]   [comments] ,2025-12-24T16:52:05+00:00,reddit_rss,2026-01-02T08:07:20.077052,day1,,,,"['Character Development', 'Theories', 'Nostalgia', 'Relationships', 'Plot Elements']",,,False,,0.0,mixed,4.0,enthusiasm,"The discussion is mixed due to the diverse opinions and debates among users, with some expressing strong enthusiasm for Mike's character development.",,,,,,,,,,,,,,,,,,,,,,,,,,,,,,,,,,,,,,,,,,,,,,,,,,,,,,,,,,,
stranger things mike debate,https://www.reddit.com/r/StrangerThings/comments/1pursgh/stranger_things_mike_debate/,        submitted by    /u/Adventurous_Put_1310   [link]   [comments] ,2025-12-24T16:52:05+00:00,reddit_rss,2026-01-07T11:07:01.324035,week1,Could not parse response,"{""sentiment"": ""mixed"", ""intensity"": 6, ""key_emotion"": ""enthusiastic"", ""reasoning"": The discussion is mixed due to a debate about Mike's character, with some users being enthusiastic and passionate about their opinions, while others seem less invested in the conversation.""}",,"['character development', 'plot twists', 'nostalgia', 'parental relationship dynamics', 'theories']",,,False,,,,,,,,,,,,,,,,,,,,,,,,,,,,,,,,,,,,,,,,,,,,,,,,,,,,,,,,,,,,,,,,,
Demodog,https://www.reddit.com/r/StrangerThings/comments/1pvrr0u/demodog/,"      First it was Stranger Thingsgiving and now Manger Things! Lillian is dressed for the occasion, as always.    submitted by    /u/oohsosleepy   [link]   [comments] ",2025-12-26T01:11:35+00:00,reddit_rss,2026-01-02T08:07:20.077986,day1,Could not parse response,"{""sentiment"": ""positive"", ""intensity"": 8, ""key_emotion"": ""humor"", ""reasoning"": The comment uses playful language and a pun (""Manger Things"") to express amusement and lightheartedness.""}",,[],,,False,,0.0,,,,,,,,,,,,,,,,,,,,,,,,,,,,,,,,,,,,,,,,,,,,,,,,,,,,,,,,,,,,,,,
Demodog,https://www.reddit.com/r/StrangerThings/comments/1pvrr0u/demodog/,"      First it was Stranger Thingsgiving and now Manger Things! Lillian is dressed for the occasion, as always.    submitted by    /u/oohsosleepy   [link]   [comments] ",2025-12-26T01:11:35+00:00,reddit_rss,2026-01-07T11:07:01.324886,week1,Could not parse response,"{""sentiment"": ""positive"", ""intensity"": 8, ""key_emotion"": ""humor"", ""reasoning"": The text uses playful puns and a lighthearted tone to poke fun at the show's title change from Stranger Things to something more holiday-oriented.}",,[],,,False,,0.0,,,,,,,,,,,,,,,,,,,,,,,,,,,,,,,,,,,,,,,,,,,,,,,,,,,,,,,,,,,,,,,
Demodog,https://www.reddit.com/r/StrangerThings/comments/1pvrr0u/demodog/,"      First it was Stranger Thingsgiving and now Manger Things! Lillian is dressed for the occasion, as always.    submitted by    /u/oohsosleepy   [link]   [comments] ",2025-12-26T01:11:35+00:00,reddit_rss,2026-01-04T09:03:06.394801,day3,Could not parse response,"{""sentiment"": ""positive"", ""intensity"": 6, ""key_emotion"": ""humor"", ""reasoning"": The comment contains a playful pun on the show's title and the holiday season, indicating a lighthearted and humorous tone.}",,[],,,False,,0.0,,,,,,,,,,,,,,,,,,,,,,,,,,,,,,,,,,,,,,,,,,,,,,,,,,,,,,,,,,,,,,,
Season 5 Series Discussion,https://www.reddit.com/r/StrangerThings/comments/1q0rtc2/season_5_series_discussion/,In this thread you can discuss the entirety of Season 5 without spoilers code. IF YOU HAVEN'T SEEN THE ENTIRE SEASON YET STAY AWAY!!! What did you like about it? What didn't you like? Favorite character this season?  Netflix | IMDb | Discord | Season 5 Discussion Hub    submitted by    /u/Hawkinns   [link]   [comments],2026-01-01T00:50:20+00:00,reddit_rss,2026-01-02T08:07:14.056170,day1,Could not parse response,"{
  ""sentiment"": ""positive"",
  ""intensity"": 4,
  ""key_emotion"": ""excitement"",
  ""reasoning"": The discussion is set up to discuss the season, indicating a generally positive tone among fans eager to share their thoughts.
}",,"['Character development', 'Plot twists and surprises', 'Nostalgia factor', 'Relationship dynamics', 'Theories about the overall story']",Could not parse response,"{
  ""theories"": [
    {
      ""has_theory"": true,
      ""theory_summary"": ""Some fans believe that the Upside Down is not a physical place, but rather a metaphorical representation of Hawkins' emotional trauma."",
      ""plausibility"": 6
    },
    {
      ""has_theory"": true,
      ""theory_summary"": ""Others speculate that Eleven's powers are not just supernatural abilities, but also a result of her connection to the Duffer Brothers and the show's narrative."",
      ""plausibility"": 5
    },
    {
      ""has_theory"": false,
      ""theory_summary"": None,
      ""plausibility"": 0
    }
  ]
}",,,,,,,,,,,,,,,,,,,,,,,,,,,,,,,,,,,,,,,,,,,,,,,,,,,,,,,,,,,,,,,,,,
Season 5 Series Discussion,https://www.reddit.com/r/StrangerThings/comments/1q0rtc2/season_5_series_discussion/,In this thread you can discuss the entirety of Season 5 without spoilers code. IF YOU HAVEN'T SEEN THE ENTIRE SEASON YET STAY AWAY!!! What did you like about it? What didn't you like? Favorite character this season?  Netflix | IMDb | Discord | Season 5 Discussion Hub    submitted by    /u/Hawkinns   [link]   [comments],2026-01-01T00:50:20+00:00,reddit_rss,2026-01-04T09:03:00.198441,day3,Could not parse response,"{
  ""sentiment"": ""positive"",
  ""intensity"": 7,
  ""key_emotion"": ""excitement"",
  ""reasoning"": The tone of the text is enthusiastic and inviting, indicating that users are eager to discuss the season without spoilers.",,"['Character development', 'Plot elements', 'Relationships', 'Nostalgia', 'Theories']",,,,,,,,,,,,"[{'has_theory': True, 'theory_summary': ""Some fans speculate that the Upside Down is a metaphor for real-world societal issues and the 'Upside Down' could represent the darkness within humans."", 'plausibility': 8}, {'has_theory': True, 'theory_summary': ""A popular theory suggests that Eleven's powers are not just supernatural, but also linked to her own DNA and the experiments performed on her at Hawkins Lab."", 'plausibility': 9}]",,,,,,,,,,,,,,,,,,,,,,,,,,,,,,,,,,,,,,,,,,,,,,,,,,,,,,,,
Season 5 Series Discussion,https://www.reddit.com/r/StrangerThings/comments/1q0rtc2/season_5_series_discussion/,In this thread you can discuss the entirety of Season 5 without spoilers code. IF YOU HAVEN'T SEEN THE ENTIRE SEASON YET STAY AWAY!!! What did you like about it? What didn't you like? Favorite character this season?  Netflix | IMDb | Discord | Season 5 Discussion Hub    submitted by    /u/Hawkinns   [link]   [comments],2026-01-01T00:50:20+00:00,reddit_rss,2026-01-07T11:06:55.229659,week1,Could not parse response,"{
  ""sentiment"": ""positive"",
  ""intensity"": 6,
  ""key_emotion"": ""enthusiasm"",
  ""reasoning"": The discussion is overwhelmingly positive, indicating enthusiasm for the season and eagerness to share thoughts and opinions.
}","[{'has_theory': False, 'theory_summary': '', 'plausibility': 0}, {'has_theory': False, 'theory_summary': '', 'plausibility': 0}]","['character development', 'plot twists', 'nostalgia', ' relationships', 'theories']",,,,,,,,,,,,,,,,,,,,,,,,,,,,,,,,,,,,,,,,,,,,,,,,,,,,,,,,,,,,,,,,,,,,
Nancy wheeler S5 finale,https://www.reddit.com/r/StrangerThings/comments/1q0tcgr/nancy_wheeler_s5_finale/,"      She doesn’t play about Holly, I love her.    submitted by    /u/Bootswithefurr   [link]   [comments] ",2026-01-01T02:14:54+00:00,reddit_rss,2026-01-07T11:07:01.324818,week1,Could not parse response,"{
  ""sentiment"": ""positive"",
  ""intensity"": 6,
  ""key_emotion"": ""affection"",
  ""reasoning"": The user expresses admiration and fondness for the character of Holly Wheeler, indicating a strong positive sentiment towards the show's portrayal of her.",,[],,,True,Fans speculate that Nancy Wheeler's affection for Eleven in the finale is more than just platonic and may be a sign of romantic interest.,7.0,,,,,,,,,,,,,,,,,,,,,,,,,,,,,,,,,,,,,,,,,,,,,,,,,,,,,,,,,,,,,,,
Nancy wheeler S5 finale,https://www.reddit.com/r/StrangerThings/comments/1q0tcgr/nancy_wheeler_s5_finale/,"      She doesn’t play about Holly, I love her.    submitted by    /u/Bootswithefurr   [link]   [comments] ",2026-01-01T02:14:54+00:00,reddit_rss,2026-01-02T08:07:20.078085,day1,Could not parse response,"{""sentiment"": ""positive"", ""intensity"": 8, ""key_emotion"": ""appreciation"", ""reasoning"": The user expresses admiration and affection for Nancy Wheeler's character development, particularly in the S5 finale episode.}",,"['Character Development', 'Nostalgia', 'Relationships']",,,True,The user suggests that Nancy Wheeler's actions in the final episode of S5 might be a hint at her being the 'Elder' mentioned in the Stranger Things universe,6.0,,,,,,,,,,,,,,,,,,,,,,,,,,,,,,,,,,,,,,,,,,,,,,,,,,,,,,,,,,,,,,,
Nancy wheeler S5 finale,https://www.reddit.com/r/StrangerThings/comments/1q0tcgr/nancy_wheeler_s5_finale/,"      She doesn’t play about Holly, I love her.    submitted by    /u/Bootswithefurr   [link]   [comments] ",2026-01-01T02:14:54+00:00,reddit_rss,2026-01-04T09:03:06.394701,day3,Could not parse response,"{
  ""sentiment"": ""positive"",
  ""intensity"": 8,
  ""key_emotion"": ""appreciation"",
  ""reasoning"": The sentiment is positive due to the user expressing admiration and affection for a character in the show.
}",,"['Character development', 'Plot twists', 'Relationships', 'Nostalgia', 'Theories']",,,True,"Nancy Wheeler's character development and actions in S5 finale suggest she may be the 'Buddy' to Will, supporting him through his experiences.",6.0,,,,,,,,,,,,,,,,,,,,,,,,,,,,,,,,,,,,,,,,,,,,,,,,,,,,,,,,,,,,,,,
Thoughts on the Finale?,https://www.reddit.com/r/StrangerThings/comments/1q1323o/thoughts_on_the_finale/,      I'm seeing a lot of mixed opinions on the ending. But I think it was pretty fitting although bittersweet.    submitted by    /u/LeoDiCristio   [link]   [comments] ,2026-01-01T12:23:53+00:00,reddit_rss,2026-01-04T09:03:06.394030,day3,Could not parse response,"{
  ""sentiment"": ""mixed"",
  ""intensity"": 6,
  ""key_emotion"": ""resigned"",
  ""reasoning"": The user acknowledges mixed opinions but expresses a somewhat positive sentiment, tempered by the recognition of a bittersweet ending.
}",,"['Character development', 'Plot twist', 'Nostalgia', 'Relationship dynamics', 'Theories']",,,False,,0.0,,,,,,,,,,,,,,,,,,,,,,,,,,,,,,,,,,,,,,,,,,,,,,,,,,,,,,,,,,,,,,,
Thoughts on the Finale?,https://www.reddit.com/r/StrangerThings/comments/1q1323o/thoughts_on_the_finale/,      I'm seeing a lot of mixed opinions on the ending. But I think it was pretty fitting although bittersweet.    submitted by    /u/LeoDiCristio   [link]   [comments] ,2026-01-01T12:23:53+00:00,reddit_rss,2026-01-07T11:07:01.324272,week1,Could not parse response,"{
  ""sentiment"": ""mixed"",
  ""intensity"": 5,
  ""key_emotion"": ""bittersweet"",
  ""reasoning"": The user acknowledges mixed opinions on the ending but expresses a slightly positive sentiment, describing it as ""pretty fitting"" while also acknowledging its emotional impact.
}",,"['Nostalgia', 'Character Development', 'Relationships']",,,,,,,,,,,,,,,,,,,,,,,,,,,,,,,,,,,,,,,,,,,,,,,,,False,,0.0,,,,,,,,,,,,,,,,,
Thoughts on the Finale?,https://www.reddit.com/r/StrangerThings/comments/1q1323o/thoughts_on_the_finale/,      I'm seeing a lot of mixed opinions on the ending. But I think it was pretty fitting although bittersweet.    submitted by    /u/LeoDiCristio   [link]   [comments] ,2026-01-01T12:23:53+00:00,reddit_rss,2026-01-02T08:07:14.056826,day1,,,,"['character development', 'plot elements', 'music', 'relationships']",,,False,,0.0,mixed,6.0,bittersweet,"The user expresses a neutral opinion on the finale's ending, acknowledging both its fittingness and bittersweet nature.",,,,,,,,,,,,,,,,,,,,,,,,,,,,,,,,,,,,,,,,,,,,,,,,,,,,,,,,,,,
The most consistent actors of the show,https://www.reddit.com/r/StrangerThings/comments/1q1ifix/the_most_consistent_actors_of_the_show/,      Jamie personally is probably the best actor but he was only on the show for two seasons so that’s why I’m not including him. But Caleb has been on for 5 and said 4. And damn each season they just get better. Season 4 Lucas took the spotlight and season 5 max was amazing. They were both amazing in each season but I think those were their best seasons. They absolutely killed it. Props to these two 🔥    submitted by    /u/I_kEeP_tHe_BlIcKy   [link]   [comments] ,2026-01-01T23:23:00+00:00,reddit_rss,2026-01-07T11:07:01.324482,week1,Could not parse response,"{""sentiment"": ""positive"", ""intensity"": 9, ""key_emotion"": ""excitement"", ""reasoning"": The user expresses enthusiasm and admiration for the actors, using enthusiastic language such as ""damn each season"" and ""props to these two 🔥"", indicating a strong positive sentiment.}","[{'has_theory': False, 'theory_summary': None, 'plausibility': 0}, {'has_theory': False, 'theory_summary': None, 'plausibility': 0}]","['Character Development', 'Plot Elements', 'Relationships']",,,,,,,,,,,,,,,,,,,,,,,,,,,,,,,,,,,,,,,,,,,,,,,,,,,,,,,,,,,,,,,,,,,,
The most consistent actors of the show,https://www.reddit.com/r/StrangerThings/comments/1q1ifix/the_most_consistent_actors_of_the_show/,      Jamie personally is probably the best actor but he was only on the show for two seasons so that’s why I’m not including him. But Caleb has been on for 5 and said 4. And damn each season they just get better. Season 4 Lucas took the spotlight and season 5 max was amazing. They were both amazing in each season but I think those were their best seasons. They absolutely killed it. Props to these two 🔥    submitted by    /u/I_kEeP_tHe_BlIcKy   [link]   [comments] ,2026-01-01T23:23:00+00:00,reddit_rss,2026-01-02T08:07:14.056283,day1,Could not parse response,"{
  ""sentiment"": ""positive"",
  ""intensity"": 9,
  ""key_emotion"": ""enthusiasm"",
  ""reasoning"": The discussion expresses admiration and excitement for the actors, particularly Caleb and Lucas, who are praised for consistently delivering great performances in each season.",,"['Character Development', 'Plot Elements', 'Cinematography', 'Relationships', 'Nostalgia']",,,False,,0.0,,,,,,,,,,,,,,,,,,,,,,,,,,,,,,,,,,,,,,,,,,,,,,,,,,,,,,,,,,,,,,,
The most consistent actors of the show,https://www.reddit.com/r/StrangerThings/comments/1q1ifix/the_most_consistent_actors_of_the_show/,      Jamie personally is probably the best actor but he was only on the show for two seasons so that’s why I’m not including him. But Caleb has been on for 5 and said 4. And damn each season they just get better. Season 4 Lucas took the spotlight and season 5 max was amazing. They were both amazing in each season but I think those were their best seasons. They absolutely killed it. Props to these two 🔥    submitted by    /u/I_kEeP_tHe_BlIcKy   [link]   [comments] ,2026-01-01T23:23:00+00:00,reddit_rss,2026-01-04T09:03:06.394371,day3,Could not parse response,"{""sentiment"": ""positive"", ""intensity"": 8, ""key_emotion"": ""appreciation"", ""reasoning"": The user expresses admiration for the actors Caleb and Lucas, praising their performances in each season and comparing them favorably to other actors on the show.}",,"['Character Development', 'Relationships']",Could not parse response,"{
  ""theories"": [
    {
      ""has_theory"": false,
      ""theory_summary"": null,
      ""plausibility"": 0
    },
    {
      ""has_theory"": true,
      ""theory_summary"": None of the actors mentioned have a widely recognized fan theory, the post seems to be a praise for the actors' performances."",
      ""plausibility"": 2
    }
  ]
}",,,,,,,,,,,,,,,,,,,,,,,,,,,,,,,,,,,,,,,,,,,,,,,,,,,,,,,,,,,,,,,,,,
"When hiding items from your watch history, is the account owner notified?",https://www.reddit.com/r/netflix/comments/1q36nqz/when_hiding_items_from_your_watch_history_is_the/,Title. I want to watch Stranger Things and my parents are very anti-supernatural things so they would not be fond of me watching it. They check my continue watching all the time and I am unsure if they check the viewing history.     submitted by    /u/zapns   [link]   [comments],2026-01-03T21:26:44+00:00,reddit_rss,2026-01-04T09:03:12.323550,day3,Could not parse response,"{""sentiment"": ""mixed"", 
""intensity"": 6, 
""key_emotion"": ""frustration"", 
""reasoning"": The user expresses frustration with their parents' strict rules and lack of transparency about monitoring their viewing history, leading to a mix of emotions about potentially watching Stranger Things despite the resistance.}",,[],,,False,,0.0,,,,,,,,,,,,,,,,,,,,,,,,,,,,,,,,,,,,,,,,,,,,,,,,,,,,,,,,,,,,,,,
"When hiding items from your watch history, is the account owner notified?",https://www.reddit.com/r/netflix/comments/1q36nqz/when_hiding_items_from_your_watch_history_is_the/,Title. I want to watch Stranger Things and my parents are very anti-supernatural things so they would not be fond of me watching it. They check my continue watching all the time and I am unsure if they check the viewing history.     submitted by    /u/zapns   [link]   [comments],2026-01-03T21:26:44+00:00,reddit_rss,2026-01-07T11:07:09.417884,week1,Could not parse response,"{
  ""sentiment"": ""mixed"",
  ""intensity"": 6,
  ""key_emotion"": ""anxiety"",
  ""reasoning"": The user expresses uncertainty and anxiety about their parents finding out they want to watch Stranger Things due to its supernatural content.",,[],,,False,,0.0,,,,,,,,,,,,,,,,,,,,,,,,,,,,,,,,,,,,,,,,,,,,,,,,,,,,,,,,,,,,,,,
My Critique of Stranger Things Season 5 and the finale...,https://www.reddit.com/r/netflix/comments/1q37zxf/my_critique_of_stranger_things_season_5_and_the/,"If you loved S5, I'm genuinely happy for you. There was a lot to like. But if you're open to discussion, here are my thoughts as someone who really loves this show overall. Spoliers ahead: WHAT WORKED  Steve and Dustin's friendship Will's coming out scene with Robin, and Mike's ""Best friends!"" moment The younger kids inheriting D&D Vecna's design as Mr Whatsit was genuinely creepy The costuming and production design Hopper's speech to El about surviving for better days  HELL CAME TO HAWKINS? Rem",2026-01-03T22:20:28+00:00,reddit_rss,2026-01-07T11:07:09.417809,week1,Could not parse response,"{""sentiment"": ""positive"", 
 ""intensity"": 8, 
 ""key_emotion"": ""appreciation"", 
 ""reasoning"": The discussion is overwhelmingly positive, with the user sharing specific examples of what they enjoyed about Season 5 and its finale.}",,"['Character Development', 'Nostalgia', 'Plot Elements', 'Relationships', 'Theories']",,,,,,,,,,,,,,,,,,,,"[{'has_theory': True, 'theory_summary': 'Some fans speculate that Vecna was actually a human who made a pact with other dimensions, explaining his supernatural powers.', 'plausibility': 6}, {'has_theory': False}]",,,,,,,,,,,,,,,,,,,,,,,,,,,,,,,,,,,,,,,,,,,,,,,,
My Critique of Stranger Things Season 5 and the finale...,https://www.reddit.com/r/netflix/comments/1q37zxf/my_critique_of_stranger_things_season_5_and_the/,"If you loved S5, I'm genuinely happy for you. There was a lot to like. But if you're open to discussion, here are my thoughts as someone who really loves this show overall. Spoliers ahead: WHAT WORKED  Steve and Dustin's friendship Will's coming out scene with Robin, and Mike's ""Best friends!"" moment The younger kids inheriting D&D Vecna's design as Mr Whatsit was genuinely creepy The costuming and production design Hopper's speech to El about surviving for better days  HELL CAME TO HAWKINS? Rem",2026-01-03T22:20:28+00:00,reddit_rss,2026-01-04T09:03:12.323479,day3,Could not parse response,"{
  ""sentiment"": ""mixed"",
  ""intensity"": 6,
  ""key_emotion"": ""appreciation"",
  ""reasoning"": The discussion starts on a positive note, expressing happiness for those who loved Season 5, but then shifts to sharing specific thoughts and critiques about the season, indicating a mixed sentiment.","[{'has_theory': False, 'theory_summary': '', 'plausibility': 0}, {'has_theory': True, 'theory_summary': ""The Upside Down is a metaphor for Hawkins' mental state, reflecting the trauma and fear of its residents."", 'plausibility': 6}, {'has_theory': True, 'theory_summary': ""Vecna's design is inspired by Mr. Whatsit from C.S. Lewis's Chronicles of Narnia series."", 'plausibility': 8}]","['Character development', 'Nostalgia', 'Relationships', 'Plot twists', 'Creepy atmosphere']",,,,,,,,,,,,,,,,,,,,,,,,,,,,,,,,,,,,,,,,,,,,,,,,,,,,,,,,,,,,,,,,,,,,
Question about Stranger Things,https://www.reddit.com/r/netflix/comments/1q3bo4c/question_about_stranger_things/,Just got done watching Stranger Things and you guys were right in the season after season two season three is definitely not that great. I had to rewatch it again actually just to watch the part where where world was older and the part where they went to the mall and the movie theater. Sorry for the typing errors. I’m a visually impaired person so I have to use dictation.    submitted by    /u/harpreetthind   [link]   [comments],2026-01-04T00:54:18+00:00,reddit_rss,2026-01-04T09:03:12.322644,day3,Could not parse response,"{""sentiment"": ""mixed"", 
""intensity"": 4, 
""key_emotion"": ""frustrated"", 
""reasoning"": The user expresses a mixed sentiment towards the third season of Stranger Things, feeling that it's not as great as previous seasons and needing to rewatch it due to missing specific scenes.}","[{'has_theory': False, 'theory_summary': '', 'plausibility': 0}, {'has_theory': False, 'theory_summary': '', 'plausibility': 0}]","['Character development', 'Nostalgia', 'Relationships', 'Plot elements', 'Cinematography']",,,,,,,,,,,,,,,,,,,,,,,,,,,,,,,,,,,,,,,,,,,,,,,,,,,,,,,,,,,,,,,,,,,,
Question about Stranger Things,https://www.reddit.com/r/netflix/comments/1q3bo4c/question_about_stranger_things/,Just got done watching Stranger Things and you guys were right in the season after season two season three is definitely not that great. I had to rewatch it again actually just to watch the part where where world was older and the part where they went to the mall and the movie theater. Sorry for the typing errors. I’m a visually impaired person so I have to use dictation.    submitted by    /u/harpreetthind   [link]   [comments],2026-01-04T00:54:18+00:00,reddit_rss,2026-01-07T11:07:09.416911,week1,Could not parse response,"{
  ""sentiment"": ""mixed"",
  ""intensity"": 6,
  ""key_emotion"": ""disappointment"",
  ""reasoning"": The user expresses disappointment with Season 3 of Stranger Things, but also appreciates the specific scenes they enjoyed and acknowledges their own limitations as a visually impaired person.
}",,"['Character development', 'Nostalgia', 'Relationships', 'Plot twists', 'Pacing']",,,,,,,,,,,,,,,,,,,,"[{'has_theory': False, 'theory_summary': None, 'plausibility': 0}, {'has_theory': False, 'theory_summary': None, 'plausibility': 0}]",,,,,,,,,,,,,,,,,,,,,,,,,,,,,,,,,,,,,,,,,,,,,,,,
Stranger Things and Stephen King,https://www.reddit.com/r/television/comments/1q13nuv/stranger_things_and_stephen_king/,"First things first: Stranger Things has been an epic show. epic ending. no notes. But... Are there any other Stephen King fans who initially assumed the show was an adaptation of a King novel you never read? It's basically Dreamcatcher, Carrie, IT, Stand By Me, Firestarter and Under the Dome all rolled into one awesome story. It's kind of impressive when you think about it.    submitted by    /u/miracolloway411   [link]   [comments]",2026-01-01T12:59:11+00:00,reddit_rss,2026-01-02T08:07:23.086310,day1,Could not parse response,"{
  ""sentiment"": ""positive"",
  ""intensity"": 8,
  ""key_emotion"": ""impressed"",
  ""reasoning"": The user expresses admiration for the show's epic storyline and its combination of multiple Stephen King novels, showcasing a sense of impressed wonder.",,"['Character development', 'Plot elements', 'Nostalgia', 'Relationships', 'Theories']",Could not parse response,"{
  "" theories"": [
    {
      ""has_theory"": true,
      ""theory_summary"": Fans initially assumed Stranger Things was an adaptation of multiple Stephen King novels, combining elements from Dreamcatcher, Carrie, IT, Stand By Me, Firestarter, and Under the Dome."",
      ""plausibility"": 8
    }
  ]
}",,,,,,,,,,,,,,,,,,,,,,,,,,,,,,,,,,,,,,,,,,,,,,,,,,,,,,,,,,,,,,,,,,
Stranger Things and Stephen King,https://www.reddit.com/r/television/comments/1q13nuv/stranger_things_and_stephen_king/,"First things first: Stranger Things has been an epic show. epic ending. no notes. But... Are there any other Stephen King fans who initially assumed the show was an adaptation of a King novel you never read? It's basically Dreamcatcher, Carrie, IT, Stand By Me, Firestarter and Under the Dome all rolled into one awesome story. It's kind of impressive when you think about it.    submitted by    /u/miracolloway411   [link]   [comments]",2026-01-01T12:59:11+00:00,reddit_rss,2026-01-04T09:03:09.346987,day3,Could not parse response,"{
  ""sentiment"": ""positive"",
  ""intensity"": 9,
  ""key_emotion"": ""impressed"",
  ""reasoning"": The overall tone of the text is one of admiration and appreciation for Stranger Things, with the author expressing amazement at how well it combines elements from various Stephen King novels.",,"['Character development', 'Nostalgia', 'Plot elements', 'Relationships', 'Theories']",Could not parse response,"{
  ""has_theory"": true,
  ""theory_summary"": Fans initially assumed Stranger Things was an adaptation of multiple Stephen King novels, combining elements from Dreamcatcher, Carrie, IT, Stand By Me, Firestarter, and Under the Dome.
  ""plausibility"": 6
}",,,,,,,,,,,,,,,,,,,,,,,,,,,,,,,,,,,,,,,,,,,,,,,,,,,,,,,,,,,,,,,,,,
There May Never Be Another Show Like ‘Stranger Things’,https://www.reddit.com/r/television/comments/1q14mex/there_may_never_be_another_show_like_stranger/,        submitted by    /u/mrnicegy26   [link]   [comments] ,2026-01-01T13:49:46+00:00,reddit_rss,2026-01-04T09:03:09.346911,day3,Could not parse response,"{""sentiment"": ""positive"", ""intensity"": 8, ""key_emotion"": ""enthusiastic"", ""reasoning"": The sentiment is positive due to the use of a superlative phrase expressing admiration for the show, indicating a strong enthusiasm for its uniqueness.}",,"['Character Development', 'Plot Elements', 'Nostalgia', 'Relationships', 'Theories']",,,False,,,,,,,,,,,,,,,,,,,,,,,,,,,,,,,,,,,,,,,,,,,,,,,,,,,,,,,,,,,,,,,,,
There May Never Be Another Show Like ‘Stranger Things’,https://www.reddit.com/r/television/comments/1q14mex/there_may_never_be_another_show_like_stranger/,        submitted by    /u/mrnicegy26   [link]   [comments] ,2026-01-01T13:49:46+00:00,reddit_rss,2026-01-02T08:07:23.086259,day1,,,,"['character development', 'plot twists', 'nostalgia', 'relationships', 'theories']",,,True,"Some fans speculate that Eleven may not be the original 'Eleven' from the alternate dimension, but rather a vessel for her memories and experiences.",6.0,positive,9.0,nostalgia,The sentiment is positive because the author expresses admiration and appreciation for the show's uniqueness.,,,,,,,,,,,,,,,,,,,,,,,,,,,,,,,,,,,,,,,,,,,,,,,,,,,,,,,,,,,
The 'Stranger Things' Finale - A Farewell to Monoculture?,https://www.reddit.com/r/television/comments/1q1bfwv/the_stranger_things_finale_a_farewell_to/,"There will obviously be plenty of differing opinions about the finale as people catch up, but no spoilers here. This is more about the significance of the end of the series.  As has been joked about endlessly, the world and our lives have changed dramatically since the show first premiered. Socially, we had not yet seen the full fragmentation of the media landscape. Breakout shows like Game of Thrones were rarer, but still existed as cultural “meeting places.” Stranger Things has lingered as a h",2026-01-01T18:40:54+00:00,reddit_rss,2026-01-04T09:03:09.346830,day3,Could not parse response,"{
  ""sentiment"": ""mixed"",
  ""intensity"": 6,
  ""key_emotion"": ""nostalgia"",
  ""reasoning"": The discussion is mixed due to the nostalgic tone, which acknowledges the passing of an era and the impact of the show on pop culture, but also hints at the shift in media consumption habits.","[{'has_theory': True, 'theory_summary': ""The finale may mark the end of an era for nostalgic '80s kids and gamers, who have grown up with the show."", 'plausibility': 6}, {'has_theory': False}, {'has_theory': True, 'theory_summary': ""The finale may be a commentary on the homogenization of media, as seen in the rise of 'struggle between good and evil' narratives."", 'plausibility': 8}, {'has_theory': False}]","['nostalgia', 'character development', 'plot elements', 'relationships']",,,,,,,,,,,,,,,,,,,,,,,,,,,,,,,,,,,,,,,,,,,,,,,,,,,,,,,,,,,,,,,,,,,,
The 'Stranger Things' Finale - A Farewell to Monoculture?,https://www.reddit.com/r/television/comments/1q1bfwv/the_stranger_things_finale_a_farewell_to/,"There will obviously be plenty of differing opinions about the finale as people catch up, but no spoilers here. This is more about the significance of the end of the series.  As has been joked about endlessly, the world and our lives have changed dramatically since the show first premiered. Socially, we had not yet seen the full fragmentation of the media landscape. Breakout shows like Game of Thrones were rarer, but still existed as cultural “meeting places.” Stranger Things has lingered as a h",2026-01-01T18:40:54+00:00,reddit_rss,2026-01-02T08:07:23.086070,day1,Could not parse response,"{
  ""sentiment"": ""positive"",
  ""intensity"": 6,
  ""key_emotion"": ""nostalgia"",
  ""reasoning"": The tone is reflective and celebratory, acknowledging the show's impact on popular culture while also acknowledging the changes in society since its premiere.
}",,"['Character development', 'Plot elements', 'Nostalgia', 'Relationships', 'Theories']",Could not parse response,"{
  ""theories"": [
    {
      ""has_theory"": true,
      ""theory_summary"": ""The finale's representation of the new generation growing up with diverse and globalized social media influences may be seen as a commentary on the changing nature of media consumption."",
      ""plausibility"": 8
    },
    {
      ""has_theory"": false,
      ""theory_summary"": None,
      ""plausibility"": null
    }
  ]
}",,,,,,,,,,,,,,,,,,,,,,,,,,,,,,,,,,,,,,,,,,,,,,,,,,,,,,,,,,,,,,,,,,
Disliked Stranger Things,https://www.reddit.com/r/television/comments/1q1bsnf/disliked_stranger_things/,"I’m not trying to pick a fight, but I truly disliked the vast majority of the Stranger Things series (I liked season 2 or 3 ok). I thought it was very dark and by dark I mean poorly lit. The story line was also very hard to follow and at times ridiculous. Since I watched the first 4 seasons, I made myself watch the last season as well as the series finale. It was equally disappointing. Am I the only person who thinks this? For context, I’m one of six people on earth who didn’t like Friends eithe",2026-01-01T18:55:02+00:00,reddit_rss,2026-01-04T09:03:09.346743,day3,Could not parse response,"{
  ""sentiment"": ""negative"",
  ""intensity"": 8,
  ""key_emotion"": ""disappointment"",
  ""reasoning"": The user expresses strong disappointment with the series, citing dark visuals, confusing storyline, and ridiculous plot points, suggesting a deeply negative emotional response.
}",,"['character development', 'plot inconsistencies', 'narrative overload', 'aesthetic tone', 'reception vs expectation']",Could not parse response,"{
    ""has_theory"": true,
    ""theory_summary"": The user's dislike for Stranger Things may be attributed to their individual taste in horror and science fiction being different from the show's creators."",
    ""plausibility"": 6
}",,,,,,,,,,,,,,,,,,,,,,,,,,,,,,,,,,,,,,,,,,,,,,,,,,,,,,,,,,,,,,,,,,
Disliked Stranger Things,https://www.reddit.com/r/television/comments/1q1bsnf/disliked_stranger_things/,"I’m not trying to pick a fight, but I truly disliked the vast majority of the Stranger Things series (I liked season 2 or 3 ok). I thought it was very dark and by dark I mean poorly lit. The story line was also very hard to follow and at times ridiculous. Since I watched the first 4 seasons, I made myself watch the last season as well as the series finale. It was equally disappointing. Am I the only person who thinks this? For context, I’m one of six people on earth who didn’t like Friends eithe",2026-01-01T18:55:02+00:00,reddit_rss,2026-01-02T08:07:23.086006,day1,Could not parse response,"{
  ""sentiment"": ""negative"",
  ""intensity"": 7,
  ""key_emotion"": ""disappointment"",
  ""reasoning"": The user expresses strong dislike for the series, citing its dark tone, poor lighting, confusing storyline, and ridiculous plot points, with no apology or attempt to soften their criticism.
}",,"['Character development', 'Plot complexity', 'Visual style', 'Nostalgia', 'Relationship dynamics']",Could not parse response,"{
  ""has_theory"": true,
  ""theory_summary"": The fan theory is about a possible connection between the Upside Down and alternate dimensions in other Netflix shows, such as Lost and Black Mirror."",
  ""plausibility"": 6
}

{
  ""has_theory"": false,
  ""theory_summary"": None mentioned.
}",,,,,,,,,,,,,,,,,,,,,,,,,,,,,,,,,,,,,,,,,,,,,,,,,,,,,,,,,,,,,,,,,,
Stranger Things spoiler free feelings share,https://www.reddit.com/r/television/comments/1q1ce9t/stranger_things_spoiler_free_feelings_share/,"Stranger Things!!! Not a review. Not a critique. Just a memory, told by someone who lived inside it. I from Bangladesh. I never rolled real dice around a dnd table, never sat with friends building worlds out of imagination. But the movie Jumanji planted a seed in me a love for the idea of adventure, of choosing a character, of becoming someone else for a while. I built some as well, carried those characters in my head, quietly, like secret friends. And then Stranger Things arrived at my teen… It",2026-01-01T19:18:07+00:00,reddit_rss,2026-01-02T08:07:23.085957,day1,Could not parse response,"{
  ""sentiment"": ""positive"",
  ""intensity"": 9,
  ""key_emotion"": ""nostalgia"",
  ""reasoning"": The user's sentimental and dreamy tone evokes a strong sense of nostalgia, as they reflect on how Stranger Things resonated with their own imagination and creativity from an early age.
}","[{'has_theory': True, 'theory_summary': ""The author's love for Jumanji influenced their appreciation for D&D and storytelling, which is reflected in their fondness for Stranger Things."", 'plausibility': 8}, {'has_theory': False, 'theory_summary': '', 'plausibility': None}]","['Character Development', 'Nostalgia', 'Relationships', 'Imagination', 'Cinematography']",,,,,,,,,,,,,,,,,,,,,,,,,,,,,,,,,,,,,,,,,,,,,,,,,,,,,,,,,,,,,,,,,,,,
Stranger Things spoiler free feelings share,https://www.reddit.com/r/television/comments/1q1ce9t/stranger_things_spoiler_free_feelings_share/,"Stranger Things!!! Not a review. Not a critique. Just a memory, told by someone who lived inside it. I from Bangladesh. I never rolled real dice around a dnd table, never sat with friends building worlds out of imagination. But the movie Jumanji planted a seed in me a love for the idea of adventure, of choosing a character, of becoming someone else for a while. I built some as well, carried those characters in my head, quietly, like secret friends. And then Stranger Things arrived at my teen… It",2026-01-01T19:18:07+00:00,reddit_rss,2026-01-04T09:03:09.346680,day3,Could not parse response,"{
  ""sentiment"": ""positive"",
  ""intensity"": 8,
  ""key_emotion"": ""nostalgia"",
  ""reasoning"": The overall sentiment is nostalgic and sentimental, reflecting the author's fond memories of discovering Stranger Things as a teenager.
}","[{'has_theory': True, 'theory_summary': ""Some fans speculate that Eleven's powers are not just a result of the experiments, but also linked to her connection with her father and her own emotional trauma."", 'plausibility': 6}, {'has_theory': True, 'theory_summary': ""Fans have speculated about the Upside Down being connected to Hawkins' history, including the town's dark industrial past and possible supernatural events."", 'plausibility': 8}, {'has_theory': True, 'theory_summary': ""Some fans believe that Will's disappearance in Season 1 was not just a result of the Upside Down, but also a test by his friends and family to see if he could survive without them."", 'plausibility': 7}, {'has_theory': True, 'theory_summary': ""Fans have speculated about the possible connections between Eleven's powers and the Demogorgon, including theories that they may be linked to each other through some sort of symbiotic relationship."", 'plausibility': 8}]","['character development', 'nostalgia', 'adventure', 'relationships', 'childhood imagination']",,,,,,,,,,,,,,,,,,,,,,,,,,,,,,,,,,,,,,,,,,,,,,,,,,,,,,,,,,,,,,,,,,,,
Should limited series become the norm to avoid the 2 to 3 year waits that are now endemic in multi-season shows?,https://www.reddit.com/r/television/comments/1q1f7cd/should_limited_series_become_the_norm_to_avoid/,"Many say the first season of Stranger Things was structured as, and should have been, a limited series. Instead we got a multi-season mess littered with years long waits throughout.  Everybody hates these long ass waits. The enthusiasm of watching a great first season ebbs in the empty years that follow. It's hard to maintain. Many viewers don't come back. Those who return struggle to remember what happened when the show first dropped years earlier. These waits really undercut the enjoyment of s",2026-01-01T21:10:36+00:00,reddit_rss,2026-01-02T08:07:23.085834,day1,Could not parse response,"{
  ""sentiment"": ""negative"",
  ""intensity"": 8,
  ""key_emotion"": ""frustration"",
  ""reasoning"": The discussion expresses frustration with the long wait times between seasons and its impact on viewer enthusiasm, leading to a decline in viewership and enjoyment.
}",,"['Character development', 'Plot elements', 'Nostalgia', 'Relationships', 'Theories']",,,,,,,,,,,,,,,,,,,,"[{'has_theory': True, 'theory_summary': 'Some fans believe that limited series should become the norm to avoid lengthy wait periods and maintain fan enthusiasm.', 'plausibility': 8}]",,,,,,,,,,,,,,,,,,,,,,,,,,,,,,,,,,,,,,,,,,,,,,,,
Should limited series become the norm to avoid the 2 to 3 year waits that are now endemic in multi-season shows?,https://www.reddit.com/r/television/comments/1q1f7cd/should_limited_series_become_the_norm_to_avoid/,"Many say the first season of Stranger Things was structured as, and should have been, a limited series. Instead we got a multi-season mess littered with years long waits throughout.  Everybody hates these long ass waits. The enthusiasm of watching a great first season ebbs in the empty years that follow. It's hard to maintain. Many viewers don't come back. Those who return struggle to remember what happened when the show first dropped years earlier. These waits really undercut the enjoyment of s",2026-01-01T21:10:36+00:00,reddit_rss,2026-01-04T09:03:09.346520,day3,,,"[{'has_theory': True, 'theory_summary': 'Some fans believe that the first season was structured as a limited series, which would have maintained its momentum without lengthy waits.', 'plausibility': 6}]","['Character development', 'Plot elements', 'Nostalgia']",,,,,,negative,7.0,frustration,"The discussion expresses frustration with long wait times between seasons of multi-season shows, specifically citing its impact on viewer enthusiasm and retention.",,,,,,,,,,,,,,,,,,,,,,,,,,,,,,,,,,,,,,,,,,,,,,,,,,,,,,,,,,,
Stranger Things Last Episode,https://www.reddit.com/r/television/comments/1q1fjff/stranger_things_last_episode/,"Let's be real. It sucked. I would gamble it's worse than game of thrones. And here's why: Why the fuck bring in Linda Hamilton and not bring a conclusion to her story. They just discarded the whole idea of the military being a force of evil. It made no sense. There was no resolution to the story. They made it seem like they were the ""bigger evil"" but, the last hour of the show, there was zero conclusion of why that was. They just cut to ""18 months later"" to hide the fact that they were a big pla",2026-01-01T21:24:05+00:00,reddit_rss,2026-01-04T09:03:09.346395,day3,Could not parse response,"{
  ""sentiment"": ""negative"",
  ""intensity"": 9,
  ""key_emotion"": ""anger"",
  ""reasoning"": The discussion expresses strong dissatisfaction and frustration with the final episode of Stranger Things, citing numerous plot inconsistencies and unresolved storylines.
}","[{'has_theory': True, 'theory_summary': ""Some fans speculate that the military's role in the Upside Down is more complex than initially shown, and that their actions may have unintended consequences."", 'plausibility': 6}, {'has_theory': True, 'theory_summary': ""Fans believe that Eleven's powers and connection to Hawkins are more deeply tied to her past and family history than shown in the series."", 'plausibility': 8}]","['Nostalgia', 'Character Development (lacking)', 'Plot Elements (inconsistent resolution)', 'Relationships (abrupt departure of character)', 'Theories (unanswered questions)']",,,,,,,,,,,,,,,,,,,,,,,,,,,,,,,,,,,,,,,,,,,,,,,,,,,,,,,,,,,,,,,,,,,,
Stranger Things Last Episode,https://www.reddit.com/r/television/comments/1q1fjff/stranger_things_last_episode/,"Let's be real. It sucked. I would gamble it's worse than game of thrones. And here's why: Why the fuck bring in Linda Hamilton and not bring a conclusion to her story. They just discarded the whole idea of the military being a force of evil. It made no sense. There was no resolution to the story. They made it seem like they were the ""bigger evil"" but, the last hour of the show, there was zero conclusion of why that was. They just cut to ""18 months later"" to hide the fact that they were a big pla",2026-01-01T21:24:05+00:00,reddit_rss,2026-01-02T08:07:23.085748,day1,Could not parse response,"{
  ""sentiment"": ""negative"",
  ""intensity"": 8,
  ""key_emotion"": ""anger"",
  ""reasoning"": The user expresses strong dissatisfaction with the final episode of Stranger Things, citing plot inconsistencies and unresolved storylines.",,"['Character Development', 'Plot Elements', 'Nostalgia', 'Relationships', 'Theories']",Could not parse response,"{
  ""has_theory"": true,
  ""theory_summary"": ""Some fans speculate that the D&D game in the Upside Down is actually a government experiment to harness supernatural powers."",
  ""plausibility"": 6
}

{
  ""has_theory"": true,
  ""theory_summary"": ""Theories abound about Eleven's connection to her mother, Teresa, and whether she was taken by the government or escaped on her own."",
  ""plausibility"": 8
}",,,,,,,,,,,,,,,,,,,,,,,,,,,,,,,,,,,,,,,,,,,,,,,,,,,,,,,,,,,,,,,,,,
‘Stranger Things: Tales From ‘85’ | Official Announcement | Netflix,https://www.reddit.com/r/television/comments/1q1k38f/stranger_things_tales_from_85_official/,        submitted by    /u/RealJohnGillman   [link]   [comments] ,2026-01-02T00:35:33+00:00,reddit_rss,2026-01-04T09:03:09.346274,day3,Could not parse response,"{""sentiment"": ""positive"", ""intensity"": 8, ""key_emotion"": ""excitement"", ""reasoning"": The use of the word 'official' and the phrase 'Official Announcement' from Netflix indicates a high level of anticipation and excitement among fans.}",,"['Character Development', 'Nostalgia', 'Relationships', 'Cinematography', 'Plot Elements']",,,True,Some fans speculate that the character of Dr. Sam Owens is actually a composite of several scientists from the Hawkins National Laboratory,6.0,,,,,,,,,,,,,,,,,,,,,,,,,,,,,,,,,,,,,,,,,,,,,,,,,,,,,,,,,,,,,,,
‘Stranger Things: Tales From ‘85’ | Official Announcement | Netflix,https://www.reddit.com/r/television/comments/1q1k38f/stranger_things_tales_from_85_official/,        submitted by    /u/RealJohnGillman   [link]   [comments] ,2026-01-02T00:35:33+00:00,reddit_rss,2026-01-02T08:07:23.085660,day1,,,,"['character development', 'plot twists', 'nostalgia', 'relationships', 'theories']",,,,,,positive,8.0,excitement,"The discussion is enthusiastic and highly engaging, with the use of words like 'official announcement' and a strong reaction to new content.",,,,,,,,,,,"[{'has_theory': True, 'theory_summary': 'The Upside Down is actually a parallel dimension created by the experiments of Dr. Martin Brenner.', 'plausibility': 8}, {'has_theory': True, 'theory_summary': ""Eleven's powers are not just supernatural abilities, but rather the result of her exposure to the Upside Down's energy."", 'plausibility': 9}, {'has_theory': True, 'theory_summary': ""The Mind Flayer is a manifestation of Will Byers' subconscious, created as a result of his trauma and connection to the Upside Down."", 'plausibility': 8.5}]",,,,,,,,,,,,,,,,,,,,,,,,,,,,,,,,,,,,,,,,,,,,,,,,
'Stranger Things' Creators Address Viral Fan Theory About Season 5 Deleted Scenes [Exclusive],https://www.reddit.com/r/television/comments/1q1kpnq/stranger_things_creators_address_viral_fan_theory/,        submitted by    /u/nylasor52   [link]   [comments] ,2026-01-02T01:02:41+00:00,reddit_rss,2026-01-04T09:03:09.346193,day3,Could not parse response,"{""sentiment"": ""positive"", 
 ""intensity"": 6, 
 ""key_emotion"": ""excitement"", 
 ""reasoning"": The discussion is positive because it revolves around a viral fan theory being addressed by the show's creators, likely sparking excitement among fans.}",,"['character development', 'plot elements', 'music', 'relationships', 'theories']",,,,,,,,,,,,,,,,,,,,,,,,,,,,,,,,,,,,,,,,,,,,"[{'has_theory': True, 'theory_summary': ""The theory proposes that the Upside Down is actually a representation of Eleven's subconscious mind."", 'plausibility': 6}, {'has_theory': False}]",,,,,,,,,,,,,,,,,,,,,,,,
'Stranger Things' Creators Address Viral Fan Theory About Season 5 Deleted Scenes [Exclusive],https://www.reddit.com/r/television/comments/1q1kpnq/stranger_things_creators_address_viral_fan_theory/,        submitted by    /u/nylasor52   [link]   [comments] ,2026-01-02T01:02:41+00:00,reddit_rss,2026-01-02T08:07:23.085597,day1,Could not parse response,"{""sentiment"": ""positive"", ""intensity"": 6, ""key_emotion"": ""curious"", ""reasoning"": The sentiment is positive because the discussion seems to be centered around a fan theory being addressed by the creators, indicating excitement and interest.""}",,"['Character development', 'Plot elements', 'Nostalgia', 'Relationships', 'Theories']",,,True,Fans believe the deleted scenes for Season 5 reveal the origin of Vecna's powers and his connection to Eddie Munson,6.0,,,,,,,,,,,,,,,,,,,,,,,,,,,,,,,,,,,,,,,,,,,,,,,,,,,,,,,,,,,,,,,
"‘Stranger Things 5’: Duffer Brothers Unpack Emotional Series Finale From One Major Sendoff To That 40-Minute Epilogue, Those Needle Drops & A Spinoff Hint",https://www.reddit.com/r/television/comments/1q1l2aw/stranger_things_5_duffer_brothers_unpack/,  submitted by    /u/MrShadowKing2020   [link]   [comments],2026-01-02T01:18:54+00:00,reddit_rss,2026-01-04T09:03:09.346116,day3,Could not parse response,"{""sentiment"": ""positive"", 
 ""intensity"": 8, 
 ""key_emotion"": ""excitement"", 
 ""reasoning"": The discussion expresses enthusiasm for the upcoming season and its potential surprises, indicating a positive sentiment with high intensity.}",,"['Character development', 'Plot elements', 'Nostalgia', 'Relationships', 'Theories']",,,True,"The Duffer Brothers hinted at a potential spin-off series after the final season's ending and needle drops, fueling speculation about a possible continuation of the show.",6.0,,,,,,,,,,,,,,,,,,,,,,,,,,,,,,,,,,,,,,,,,,,,,,,,,,,,,,,,,,,,,,,
"‘Stranger Things 5’: Duffer Brothers Unpack Emotional Series Finale From One Major Sendoff To That 40-Minute Epilogue, Those Needle Drops & A Spinoff Hint",https://www.reddit.com/r/television/comments/1q1l2aw/stranger_things_5_duffer_brothers_unpack/,  submitted by    /u/MrShadowKing2020   [link]   [comments],2026-01-02T01:18:54+00:00,reddit_rss,2026-01-02T08:07:23.085540,day1,Could not parse response,"{""sentiment"": ""positive"", ""intensity"": 7, ""key_emotion"": ""excited"", ""reasoning"": The post expresses enthusiasm for the Duffer Brothers' discussion about Stranger Things 5, indicating that fans are eager to learn more about the series finale and its potential spinoff.}",,"['Character development', 'Plot elements', 'Nostalgia']",,,,,,,,,,,,,True,The theory suggests that Eleven's powers are not just about healing but also have the ability to manipulate and control time.,6.0,False,True,"The theory proposes that Steve's character development is symbolic of the American dream, and his relationship with Nancy represents a more mature and responsible version of himself.",8.0,,,,,,,,,,,,,,,,,,,,,,,,,,,,,,,,,,,,,,,,,,,,,,,,,
Stranger Things creator seems to suggest they made a mistake putting in an Easter egg that fans took the wrong way,https://www.reddit.com/r/television/comments/1q1l2ef/stranger_things_creator_seems_to_suggest_they/,        submitted by    /u/nylasor52   [link]   [comments] ,2026-01-02T01:19:02+00:00,reddit_rss,2026-01-02T08:07:23.085504,day1,Could not parse response,"{""sentiment"": ""negative"", ""intensity"": 6, ""key_emotion"": ""disappointment"", ""reasoning"": The statement implies that the creator of Stranger Things is disappointed in how fans interpreted an Easter egg, which has a negative tone.""}",,"['character development', 'plot elements', 'music', 'nostalgia']",,,False,,0.0,,,,,,,,,,,,,,,,,,,,,,,,,,,,,,,,,,,,,,,,,,,,,,,,,,,,,,,,,,,,,,,
Stranger Things creator seems to suggest they made a mistake putting in an Easter egg that fans took the wrong way,https://www.reddit.com/r/television/comments/1q1l2ef/stranger_things_creator_seems_to_suggest_they/,        submitted by    /u/nylasor52   [link]   [comments] ,2026-01-02T01:19:02+00:00,reddit_rss,2026-01-04T09:03:09.346072,day3,Could not parse response,"{
  ""sentiment"": ""negative"",
  ""intensity"": 4,
  ""key_emotion"": ""disappointment"",
  ""reasoning"": The sentiment is negative due to the creator expressing regret over an Easter egg that fans misinterpreted, which implies a sense of disappointment among fans.","[{'has_theory': True, 'theory_summary': ""Some fans believe the Easter egg was meant to be a clue about Eleven's past, but the creator intended it as a red herring."", 'plausibility': 6}]",[],,,,,,,,,,,,,,,,,,,,,,,,,,,,,,,,,,,,,,,,,,,,,,,,,,,,,,,,,,,,,,,,,,,,
One of the greatest shows of our time. Farewell [Stranger Things],https://www.reddit.com/r/television/comments/1q3bh42/one_of_the_greatest_shows_of_our_time_farewell/,"Ups and downs were there but it became one of the greatest shows. Even they admitted, that at the time of making they thought, only 10 geeks would be watching this show and it won’t get much audience. But it was the opposite. Farewell     submitted by    /u/Most-Day8547   [link]   [comments]",2026-01-04T00:45:47+00:00,reddit_rss,2026-01-07T11:07:06.454828,week1,Could not parse response,"{
  ""sentiment"": ""positive"",
  ""intensity"": 9,
  ""key_emotion"": ""appreciative"",
  ""reasoning"": The commenter is expressing gratitude and admiration for the show's success, despite initial doubts about its audience.",,"['Character development', 'Plot elements', 'Nostalgia']",,,False,,2.0,,,,,/u/Most-Day8547,,,,,,,,,,,,,,,,,,,,,,,,,,,,,,,,,,,,,,,,,,,,,,,,,,,,,,,,,,
One of the greatest shows of our time. Farewell [Stranger Things],https://www.reddit.com/r/television/comments/1q3bh42/one_of_the_greatest_shows_of_our_time_farewell/,"Ups and downs were there but it became one of the greatest shows. Even they admitted, that at the time of making they thought, only 10 geeks would be watching this show and it won’t get much audience. But it was the opposite. Farewell     submitted by    /u/Most-Day8547   [link]   [comments]",2026-01-04T00:45:47+00:00,reddit_rss,2026-01-04T09:03:09.344688,day3,Could not parse response,"{
  ""sentiment"": ""positive"",
  ""intensity"": 9,
  ""key_emotion"": ""pride"",
  ""reasoning"": The sentiment is positive because the user expresses admiration and pride in Stranger Things' success, despite initial doubts about its audience.",,"['Character Development', 'Plot Elements', 'Relationships', 'Theories', 'Nostalgia']",,,False,,0.0,,,,,,,,,,,,,,,,,,,,,,,,,,,,,,,,,,,,,,,,,,,,,,,,,,,,,,,,,,,,,,,
Stranger Things ratings: 96% to 56% on Rotten Tomatoes — how every season stacks up before the finale,https://www.reddit.com/r/television/comments/1q3cu9k/stranger_things_ratings_96_to_56_on_rotten/,        submitted by    /u/AssociateLittle1487   [link]   [comments] ,2026-01-04T01:46:18+00:00,reddit_rss,2026-01-07T11:07:06.454793,week1,Could not parse response,"{
  ""sentiment"": ""mixed"",
  ""intensity"": 4,
  ""key_emotion"": ""amusement"",
  ""reasoning"": The post expresses a mix of surprise and amusement at the significant disparity in Rotten Tomatoes ratings across different seasons, indicating a lighthearted tone.
}",,"['character development', 'plot elements', 'cinematography', 'music', 'nostalgia']",,,,,,,,,,,,"[{'has_theory': True, 'theory_summary': ""The 'Upside Down' is a metaphor for Hawkins, Indiana's toxic masculinity and the struggles of adolescence."", 'plausibility': 6}, {'has_theory': False}, {'has_theory': True, 'theory_summary': ""The Mind Flayer is a representation of Eleven's trauma and guilt."", 'plausibility': 8}]",,,,,,,,,,,,,,,,,,,,,,,,,,,,,,,,,,,,,,,,,,,,,,,,,,,,,,,,
Stranger Things ratings: 96% to 56% on Rotten Tomatoes — how every season stacks up before the finale,https://www.reddit.com/r/television/comments/1q3cu9k/stranger_things_ratings_96_to_56_on_rotten/,        submitted by    /u/AssociateLittle1487   [link]   [comments] ,2026-01-04T01:46:18+00:00,reddit_rss,2026-01-04T09:03:09.344613,day3,Could not parse response,"{""sentiment"": ""mixed"", ""intensity"": 6, ""key_emotion"": ""amusement"", ""reasoning"": The discussion appears mixed as it combines a serious analysis of the show's ratings with a lighthearted tone and a link to comments section.""}",,"['character development', 'plot elements', 'cinematography', 'music', 'theories']",,,False,,0.0,,,,,,,,,,,,,,,,,,,,,,,,,,,,,,,,,,,,,,,,,,,,,,,,,,,,,,,,,,,,,,,
